query,type,success,sql,answer,latency_sec,is_write,error
Show me the top 5 products by price,Simple Select,True,"SELECT name, price FROM Products ORDER BY price DESC LIMIT 5;","### Professional Summary of Database Execution Results

The executed SQL query aimed to retrieve the top five products from the ""Products"" database table, sorted by their price in descending order. The query was successfully executed, and the following results were returned:

1. **Laptop** - $1200.00
2. **Smartphone** - $89.99
3. **T-Shirt** - $19.99

It is noteworthy that only three products were returned instead of the requested five. This discrepancy suggests that the ""Products"" table contains fewer than five entries. The results indicate a diverse range of product types, with the Laptop being the highest-priced item, followed by the Smartphone and T-Shirt. Further investigation into the database may be warranted to understand the total number of products available and to ensure data completeness.",8.333,False,None
Update the price of product with product_id 1 to 89.99,DML - Update,True,UPDATE Products SET price = 89.99 WHERE product_id = 1;,Operation successful. Affected 1 rows.,2.858,True,None
Delete all orders with status 'Cancelled',DML - Delete,True,DELETE FROM Orders WHERE status = 'Cancelled';,Operation successful. Affected 0 rows.,2.761,True,None
What is the total revenue from all orders?,Aggregate Select,True,SELECT SUM(total_amount) FROM Orders;,"**Professional Summary of Database Execution Results**

The executed SQL query aimed to calculate the total revenue generated from all orders in the database. The query successfully aggregated the `total_amount` from the `Orders` table.

**Query Details:**
- **SQL Statement:** `SELECT SUM(total_amount) FROM Orders;`
- **Purpose:** To determine the overall revenue from all recorded orders.

**Execution Result:**
- **Total Revenue:** $1,919.98

This result indicates that the cumulative revenue from all orders processed in the system amounts to $1,919.98. The execution was successful, and the data retrieved reflects the total sales recorded in the specified timeframe.",6.426,False,None
